Task_ID,Arrival_Time,CPU_Req,Mem_Req,Duration,Priority,VM_Assigned_Random,Energy_Random,VM_Assigned_Balanced,Energy_Balanced
T1,356.1,0.64,0.53,27.94,Medium,VM180,118.46560000000001,VM1,62.865
T2,986.52,0.56,0.89,27.56,Medium,VM153,70.27799999999999,VM2,136.6976
T3,605.77,0.93,0.29,7.26,Medium,VM182,19.093799999999998,VM3,22.6512
T4,237.23,0.55,0.71,6.57,High,VM125,20.0385,VM4,20.4327
T5,101.78,0.99,0.65,29.8,High,VM67,140.954,VM5,132.312
T6,152.86,0.87,0.37,24.72,Medium,VM6,119.64479999999999,VM6,119.64479999999999
T7,245.96,0.29,0.22,42.76,Low,VM125,130.41799999999998,VM7,212.0896
T8,160.68,0.94,0.69,12.23,High,VM58,27.2729,VM8,52.0998
T9,186.57,0.2,0.76,6.12,Medium,VM70,25.581599999999998,VM9,19.1556
T10,285.1,0.84,0.38,25.21,Medium,VM53,71.3443,VM10,56.722500000000004
T11,173.37,0.44,0.68,15.69,Medium,VM66,39.0681,VM11,67.93769999999999
T12,896.77,0.89,0.46,7.23,High,VM58,16.1229,VM12,26.606400000000004
T13,80.23,0.88,0.74,37.61,Medium,VM82,118.0954,VM13,122.9847
T14,524.51,0.83,0.28,10.02,Low,VM87,32.464800000000004,VM14,47.294399999999996
T15,410.4,0.81,0.9,32.37,Medium,VM2,160.55519999999999,VM15,75.4221
T16,982.38,0.37,0.36,17.65,High,VM204,52.596999999999994,VM16,61.422
T17,112.04,0.17,0.43,12.81,Low,VM150,31.5126,VM17,26.004299999999997
T18,397.86,0.46,0.15,22.09,High,VM37,49.03980000000001,VM18,75.32690000000001
T19,969.47,0.26,0.2,41.07,Medium,VM148,98.1573,VM19,89.1219
T20,865.51,0.73,0.56,22.64,Medium,VM103,60.9016,VM20,53.4304
T21,817.07,0.41,0.34,38.78,Low,VM24,145.425,VM21,91.13300000000001
T22,257.9,0.98,0.85,10.65,Low,VM112,48.564,VM22,42.0675
T23,170.89,0.68,0.11,39.77,High,VM212,143.5697,VM23,168.62480000000002
T24,668.64,0.84,0.44,15.66,Low,VM65,63.422999999999995,VM24,58.725
T25,929.38,0.22,0.4,35.48,Medium,VM193,125.5992,VM25,173.49719999999996
T26,556.76,0.88,0.12,30.46,Medium,VM209,133.11020000000002,VM26,95.0352
T27,571.61,0.93,0.21,46.81,Low,VM129,220.4751,VM27,133.8766
T28,279.98,0.54,0.47,22.43,Low,VM117,53.832,VM28,103.40230000000001
T29,769.49,0.65,0.54,7.98,Medium,VM116,25.6158,VM29,21.3066
T30,187.04,0.79,0.46,5.86,High,VM105,22.561000000000003,VM30,28.6554
T31,323.68,0.26,0.58,42.21,Medium,VM3,131.6952,VM31,86.1084
T32,425.44,0.55,0.64,28.61,Medium,VM46,134.467,VM32,140.4751
T33,507.61,0.46,0.11,39.89,Medium,VM55,135.2271,VM33,84.9657
T34,242.41,0.23,0.52,15.55,Medium,VM75,33.277,VM34,72.6185
T35,114.84,0.43,0.97,20.53,Medium,VM216,48.8614,VM35,73.4974
T36,610.62,0.16,0.57,6.35,High,VM214,26.924,VM36,31.623
T37,288.63,0.12,0.71,48.27,Medium,VM192,226.38630000000003,VM37,107.15940000000002
T38,581.24,0.22,0.38,35.05,Medium,VM45,131.4375,VM38,128.283
T39,154.36,0.97,0.8,46.99,Low,VM154,142.8496,VM39,230.72090000000003
T40,481.14,0.59,0.8,16.95,High,VM77,53.05349999999999,VM40,60.5115
T41,532.59,0.97,0.57,32.52,Low,VM193,115.12080000000002,VM41,126.50280000000002
T42,51.82,0.49,0.98,35.53,Low,VM24,133.2375,VM42,145.3177
T43,336.6,0.38,0.21,19.29,Medium,VM202,57.2913,VM43,64.81439999999999
T44,134.41,0.56,0.12,43.16,Medium,VM35,154.5128,VM44,167.46079999999998
T45,63.37,0.5,0.79,47.62,Medium,VM24,178.575,VM45,178.575
T46,989.96,0.2,0.83,44.82,Medium,VM28,206.6202,VM46,210.654
T47,322.35,0.68,0.21,38.26,Medium,VM208,154.5704,VM47,81.8764
T48,809.87,0.29,0.34,17.49,Low,VM16,60.865199999999994,VM48,49.67159999999999
T49,254.64,0.66,0.12,17.67,High,VM59,86.9364,VM49,85.6995
T50,681.5,0.69,0.36,48.35,Medium,VM209,211.2895,VM50,225.7945
T51,760.23,0.24,0.8,5.46,Medium,VM182,14.3598,VM51,18.4002
T52,595.64,0.16,0.57,37.22,Medium,VM207,140.6916,VM52,143.6692
T53,471.58,0.8,0.41,36.78,Low,VM144,109.97220000000002,VM53,104.0874
T54,411.84,0.51,0.43,33.02,Medium,VM15,76.93660000000001,VM54,84.53120000000001
T55,348.87,0.15,0.1,49.55,Medium,VM11,214.5515,VM55,167.9745
T56,929.53,1.0,0.37,19.03,Medium,VM193,67.3662,VM56,58.23180000000001
T57,830.62,0.15,0.68,20.3,Medium,VM79,100.688,VM57,76.125
T58,965.03,0.73,0.98,8.55,High,VM218,26.4195,VM58,19.0665
T59,124.3,0.99,0.86,24.93,Medium,VM115,115.4259,VM59,122.65559999999999
T60,730.87,0.32,0.12,16.75,High,VM68,74.8725,VM60,83.08
T61,938.34,0.23,0.91,20.45,Medium,VM43,68.71199999999999,VM61,83.64049999999999
T62,181.23,0.21,0.8,42.56,Low,VM69,206.416,VM62,153.6416
T63,66.5,0.37,0.8,47.1,Low,VM141,159.198,VM63,138.00300000000001
T64,741.12,0.19,0.51,13.36,Medium,VM138,63.8608,VM64,59.318400000000004
T65,574.47,0.72,0.46,21.76,Low,VM75,46.56640000000001,VM65,88.128
T66,841.83,0.16,0.37,46.79,Low,VM210,163.765,VM66,116.50710000000001
T67,139.77,0.56,0.16,7.78,High,VM103,20.9282,VM67,36.799400000000006
T68,795.27,1.0,0.31,9.16,High,VM41,35.632400000000004,VM68,40.9452
T69,201.63,0.83,0.32,12.33,Medium,VM178,34.8939,VM69,59.80049999999999
T70,163.66,0.65,0.54,31.78,Low,VM215,104.5562,VM70,132.8404
T71,164.27,0.38,0.77,11.77,Low,VM199,33.0737,VM71,45.196799999999996
T72,814.57,0.66,0.53,48.56,Low,VM59,238.9152,VM72,157.82
T73,665.2,0.57,0.15,25.1,Medium,VM39,123.24100000000001,VM73,120.48
T74,523.07,0.48,0.96,27.57,High,VM3,86.0184,VM74,126.82199999999999
T75,358.83,0.22,0.95,16.1,Medium,VM204,47.978,VM75,34.45400000000001
T76,877.2,0.9,0.81,26.19,Low,VM7,129.9024,VM76,54.47520000000001
T77,392.45,0.5,0.99,34.79,Medium,VM49,168.73149999999998,VM77,108.89269999999999
T78,816.6,0.28,0.59,38.8,Medium,VM26,121.056,VM78,171.884
T79,439.13,0.43,0.97,38.92,Medium,VM161,97.6892,VM79,193.0432
T80,376.94,0.47,0.17,31.01,Medium,VM101,150.70860000000002,VM80,75.9745
T81,462.68,0.84,0.43,45.7,Medium,VM176,217.532,VM81,172.746
T82,301.38,0.76,0.3,41.78,Low,VM79,207.2288,VM82,131.1892
T83,747.61,0.79,0.28,39.07,Low,VM2,193.7872,VM83,191.8337
T84,502.72,0.11,0.23,7.5,High,VM127,23.85,VM84,33.975
T85,232.21,0.47,0.66,5.31,Low,VM199,14.9211,VM85,23.948099999999997
T86,899.57,0.53,0.8,14.56,Low,VM160,30.867200000000004,VM86,49.64960000000001
T87,383.89,0.12,0.62,34.86,Low,VM132,151.641,VM87,112.94640000000001
T88,543.55,0.33,0.23,23.5,Low,VM20,55.459999999999994,VM88,66.27
T89,906.47,0.78,0.83,23.11,Medium,VM117,55.464,VM89,50.1487
T90,624.24,0.22,0.67,44.81,High,VM164,101.71870000000001,VM90,205.6779
T91,116.9,0.58,0.45,45.3,Medium,VM32,222.423,VM91,201.132
T92,939.83,0.29,0.71,45.91,Medium,VM28,211.64509999999999,VM92,229.54999999999998
T93,627.71,0.11,0.33,19.12,Medium,VM77,59.845600000000005,VM93,95.40880000000001
T94,334.91,0.32,0.41,36.1,Medium,VM1,81.22500000000001,VM94,132.487
T95,139.27,0.98,0.93,17.22,High,VM188,73.0128,VM95,74.21819999999998
T96,794.03,0.82,0.36,13.58,High,VM56,41.5548,VM96,65.59140000000001
T97,620.07,0.96,0.52,13.31,Low,VM35,47.649800000000006,VM97,60.5605
T98,533.46,0.54,0.9,20.39,Medium,VM112,92.9784,VM98,55.86860000000001
T99,893.89,0.2,0.74,24.35,Medium,VM30,119.0715,VM99,81.5725
T100,788.6,0.59,0.16,42.39,High,VM54,108.5184,VM100,101.3121
T101,151.67,0.51,0.23,10.4,Medium,VM36,51.79200000000001,VM101,50.544000000000004
T102,311.72,0.86,0.11,38.07,High,VM183,118.3977,VM102,145.4274
T103,248.49,0.19,0.67,28.92,Medium,VM217,82.42200000000001,VM103,77.79480000000001
T104,743.95,0.54,0.5,17.96,Low,VM80,44.002,VM104,72.19919999999999
T105,33.53,0.24,0.22,27.18,Medium,VM58,60.611399999999996,VM105,104.643
T106,569.89,0.39,0.96,18.5,High,VM83,90.83500000000001,VM106,56.794999999999995
T107,762.46,0.76,0.58,31.82,High,VM65,128.871,VM107,74.4588
T108,876.77,0.53,0.32,24.52,Low,VM69,118.92199999999998,VM108,98.3252
T109,342.08,0.44,0.55,12.4,Medium,VM128,41.044000000000004,VM109,44.144000000000005
T110,821.26,0.46,0.71,10.25,Medium,VM51,34.542500000000004,VM110,44.28
T111,110.63,0.51,0.17,29.6,Low,VM22,116.92000000000002,VM111,105.376
T112,846.45,0.81,0.35,45.61,Medium,VM216,108.5518,VM112,207.9816
T113,127.49,0.9,0.83,20.48,Low,VM107,47.9232,VM113,74.9568
T114,397.29,0.96,0.51,37.99,High,VM109,135.2444,VM114,139.8032
T115,797.3,0.81,0.59,34.64,Medium,VM116,111.1944,VM115,160.3832
T116,149.92,0.38,0.49,46.92,High,VM101,228.0312,VM116,150.6132
T117,229.25,0.72,0.14,41.94,Low,VM181,106.94699999999999,VM117,100.65599999999999
T118,722.25,0.49,0.25,30.5,Medium,VM100,72.89500000000001,VM118,63.745
T119,720.04,0.33,0.5,34.57,Low,VM164,78.4739,VM119,147.61389999999997
T120,641.15,0.86,0.29,45.43,Low,VM68,203.07209999999998,VM120,175.3598
T121,693.95,0.13,0.14,22.98,Low,VM36,114.44040000000001,VM121,94.44780000000002
T122,542.72,0.91,0.86,19.71,Low,VM180,83.5704,VM122,52.034400000000005
T123,251.8,0.52,0.98,5.49,Medium,VM181,13.9995,VM123,13.230900000000002
T124,345.7,0.67,0.81,42.19,Low,VM210,147.665,VM124,86.0676
T125,181.6,0.69,0.87,41.04,Medium,VM178,116.14320000000001,VM125,125.172
T126,908.45,0.91,0.32,9.7,Medium,VM208,39.187999999999995,VM126,36.568999999999996
T127,583.39,0.67,0.96,30.96,High,VM169,108.6696,VM127,98.45280000000001
T128,400.85,0.65,0.28,25.88,High,VM146,70.3936,VM128,85.6628
T129,462.01,0.16,0.96,10.34,Medium,VM22,40.843,VM129,48.7014
T130,947.28,0.57,1.0,49.13,Medium,VM66,122.33370000000002,VM130,149.3552
T131,153.35,0.24,0.74,14.66,Low,VM21,34.451,VM131,51.8964
T132,586.23,0.76,0.98,8.03,High,VM100,19.1917,VM132,34.930499999999995
T133,505.89,0.56,0.61,31.77,Low,VM128,105.1587,VM133,101.3463
T134,611.45,0.71,0.33,38.25,Low,VM44,148.41,VM134,148.0275
T135,18.11,0.14,0.49,6.46,Low,VM103,17.377399999999998,VM135,29.6514
T136,872.12,0.18,0.63,34.64,Medium,VM47,74.12960000000001,VM136,168.004
T137,932.12,0.74,0.17,28.95,Low,VM39,142.1445,VM137,70.63799999999999
T138,565.13,0.16,0.66,9.65,Medium,VM29,25.7655,VM138,46.127
T139,696.65,0.16,0.98,12.76,Low,VM54,32.6656,VM139,44.4048
T140,922.5,0.11,0.27,30.56,Medium,VM90,140.2704,VM140,84.6512
T141,707.24,0.96,0.81,18.34,Low,VM85,82.7134,VM141,61.9892
T142,152.54,0.76,0.92,47.22,Low,VM17,95.85659999999999,VM142,233.26680000000002
T143,576.29,0.42,0.95,41.84,High,VM80,102.50800000000001,VM143,145.60320000000002
T144,606.72,0.37,0.96,49.26,Low,VM188,208.8624,VM144,147.2874
T145,424.13,0.41,0.57,16.69,High,VM159,43.0602,VM145,65.09100000000001
T146,736.44,0.8,0.98,48.64,Medium,VM73,233.47199999999998,VM146,132.3008
T147,934.37,0.7,0.78,24.41,Low,VM206,113.9947,VM147,54.4343
T148,925.57,0.27,0.25,20.64,High,VM49,100.104,VM148,49.329600000000006
T149,450.84,0.26,0.53,7.27,Low,VM101,35.3322,VM149,17.302599999999998
T150,113.24,0.19,0.75,7.37,High,VM2,36.5552,VM150,18.1302
T151,984.84,0.69,0.32,36.14,Low,VM176,172.0264,VM151,87.4588
T152,838.9,0.79,0.68,25.61,High,VM142,126.5134,VM152,100.3912
T153,124.66,0.34,0.7,15.19,Low,VM59,74.73479999999999,VM153,38.7345
T154,920.84,0.12,0.25,32.63,Medium,VM97,148.4665,VM154,99.19520000000001
T155,869.9,0.17,0.61,16.38,Medium,VM99,54.873,VM155,76.8222
T156,518.84,0.97,0.79,30.99,High,VM186,96.37889999999999,VM156,105.9858
T157,591.28,0.37,0.55,21.16,High,VM103,56.9204,VM157,84.64
T158,399.0,0.79,0.11,42.06,High,VM186,130.8066,VM158,105.9912
T159,54.76,0.66,0.11,41.93,High,VM179,185.3306,VM159,108.1794
T160,335.2,0.44,0.42,26.48,Low,VM212,95.5928,VM160,56.137600000000006
T161,802.85,0.29,0.93,20.79,Low,VM2,103.1184,VM161,52.1829
T162,4.63,0.21,0.31,21.32,Low,VM41,82.93480000000001,VM162,60.5488
T163,333.5,0.65,0.67,41.26,Medium,VM211,93.24759999999999,VM163,104.38779999999998
T164,398.17,0.8,0.3,19.77,Medium,VM123,47.645700000000005,VM164,44.8779
T165,537.4,0.68,0.39,14.41,Medium,VM82,45.2474,VM165,34.0076
T166,919.86,0.58,0.86,8.81,Low,VM144,26.341900000000003,VM166,29.7778
T167,346.35,0.14,0.76,26.0,Medium,VM132,113.1,VM167,68.12
T168,346.95,0.97,0.19,26.7,Low,VM140,73.959,VM168,82.503
T169,737.5,0.82,0.49,42.84,Medium,VM29,114.3828,VM169,150.3684
T170,452.22,0.36,0.13,14.96,Medium,VM135,68.6664,VM170,60.88720000000001
T171,224.6,0.98,0.53,22.14,Medium,VM14,104.5008,VM171,46.936800000000005
T172,452.44,0.64,0.7,41.38,Medium,VM12,152.2784,VM172,182.07200000000003
T173,140.86,0.62,0.21,42.06,Medium,VM99,140.901,VM173,163.1928
T174,176.39,0.77,0.36,22.31,Low,VM133,71.1689,VM174,50.1975
T175,498.37,0.83,0.46,25.66,Medium,VM81,96.9948,VM175,118.5492
T176,418.93,0.69,0.93,18.65,Low,VM106,57.25549999999999,VM176,88.77399999999999
T177,914.85,0.22,0.99,46.96,Medium,VM32,230.5736,VM177,102.37280000000001
T178,362.39,0.4,0.14,10.34,Medium,VM74,47.56399999999999,VM178,29.2622
T179,580.59,0.94,0.78,47.02,Low,VM171,99.68240000000002,VM179,207.82840000000002
T180,632.26,0.3,0.43,35.77,Low,VM81,135.2106,VM180,151.6648
T181,13.09,0.43,0.45,28.92,High,VM69,140.262,VM181,73.746
T182,663.54,0.49,0.78,6.47,High,VM45,24.2625,VM182,17.016099999999998
T183,178.04,0.5,0.93,26.4,Medium,VM106,81.04799999999999,VM183,82.104
T184,961.07,0.65,0.96,23.35,Low,VM137,56.974000000000004,VM184,80.5575
T185,148.66,0.95,0.62,12.25,Low,VM177,26.705000000000002,VM185,47.1625
T186,414.62,0.32,0.42,34.54,Medium,VM161,86.69539999999999,VM186,107.4194
T187,85.35,0.21,0.81,48.7,High,VM100,116.39300000000001,VM187,165.09300000000002
T188,996.87,0.28,0.33,30.3,Low,VM146,82.41600000000001,VM188,128.472
T189,502.2,0.9,0.61,37.16,Medium,VM9,116.31079999999999,VM189,78.40759999999999
T190,595.39,0.68,0.42,8.08,Low,VM62,29.1688,VM190,22.3008
T191,67.08,0.36,0.69,23.8,High,VM185,91.63000000000001,VM191,98.532
T192,749.96,0.83,0.32,10.24,Medium,VM29,27.3408,VM192,48.025600000000004
T193,209.91,0.88,0.27,32.58,Medium,VM125,99.36899999999999,VM193,115.33319999999999
T194,898.05,0.86,0.93,47.23,Medium,VM114,173.8064,VM194,170.028
T195,205.14,0.93,0.19,34.78,Medium,VM206,162.42260000000002,VM195,80.6896
T196,190.69,0.33,0.56,8.46,Low,VM153,21.573,VM196,28.256400000000003
T197,36.55,0.78,0.3,20.96,Low,VM143,72.9408,VM197,75.456
T198,472.07,0.51,0.14,29.78,High,VM134,115.24860000000001,VM198,81.2994
T199,564.84,0.86,0.13,23.14,High,VM120,89.32039999999999,VM199,65.02340000000001
T200,65.71,0.76,0.26,42.51,High,VM170,173.0157,VM200,133.0563
T201,775.53,0.8,0.88,41.66,Medium,VM157,166.64,VM201,85.8196
T202,453.29,0.69,0.35,32.53,High,VM79,161.3488,VM202,96.61410000000001
T203,524.39,0.26,0.96,21.81,Low,VM93,108.8319,VM203,57.360299999999995
T204,440.76,0.59,0.62,16.49,Medium,VM4,51.283899999999996,VM204,49.14019999999999
T205,400.76,0.99,0.49,9.76,Medium,VM82,30.6464,VM205,23.0336
T206,559.64,0.94,0.62,20.97,Medium,VM185,80.7345,VM206,97.92989999999999
T207,155.24,0.14,0.57,23.59,Medium,VM177,51.4262,VM207,89.1702
T208,181.93,0.25,0.78,35.41,Low,VM172,155.804,VM208,143.0564
T209,861.79,0.22,0.35,34.62,Medium,VM208,139.8648,VM209,151.2894
T210,946.12,0.75,0.42,8.15,High,VM75,17.441000000000003,VM210,28.525000000000002
T211,373.31,0.84,0.9,22.79,Medium,VM14,107.5688,VM211,51.505399999999995
T212,270.74,0.29,0.95,13.18,Low,VM131,46.657199999999996,VM212,47.5798
T213,644.0,0.56,0.9,12.06,Low,VM114,44.3808,VM213,45.3456
T214,408.73,0.86,0.48,42.23,Low,VM62,152.45029999999997,VM214,179.05519999999999
T215,25.39,0.76,0.8,6.89,Low,VM106,21.152299999999997,VM215,22.6681
T216,156.15,0.59,0.53,23.86,Medium,VM64,105.9384,VM216,56.7868
T217,715.97,0.63,0.55,12.57,Medium,VM102,48.0174,VM217,35.8245
T218,658.92,0.56,0.28,44.57,Medium,VM173,172.9316,VM218,137.72129999999999
T219,27.1,0.37,0.63,30.07,Medium,VM106,92.3149,VM219,118.47579999999999
T220,221.97,0.61,0.27,15.41,High,VM210,53.935,VM220,57.1711
T221,231.07,0.72,0.4,27.61,Low,VM186,85.8671,VM1,62.1225
T222,671.89,0.89,0.87,37.92,Medium,VM20,89.4912,VM2,188.0832
T223,19.71,0.67,0.29,48.12,High,VM58,107.3076,VM3,150.1344
T224,104.11,0.79,0.16,14.92,Low,VM112,68.03519999999999,VM4,46.401199999999996
T225,799.92,0.24,0.16,44.88,Low,VM217,127.90800000000002,VM5,199.26720000000003
T226,178.54,0.52,0.95,47.04,High,VM57,176.4,VM6,227.6736
T227,652.75,0.11,0.56,46.24,Medium,VM205,109.1264,VM7,229.3504
T228,238.18,0.32,0.47,33.59,Medium,VM196,112.1906,VM8,143.0934
T229,99.44,0.75,0.83,33.34,Low,VM119,142.3618,VM9,104.3542
T230,243.17,0.99,0.85,23.14,Medium,VM206,108.0638,VM10,52.065
T231,722.27,0.19,0.4,38.86,Medium,VM97,176.813,VM11,168.2638
T232,855.7,0.46,0.72,28.91,Low,VM92,144.55,VM12,106.3888
T233,830.22,0.82,0.79,35.48,Medium,VM52,136.9528,VM13,116.0196
T234,397.18,0.28,0.69,24.28,Low,VM37,53.90160000000001,VM14,114.6016
T235,668.09,0.6,0.24,37.92,Medium,VM8,161.5392,VM15,88.3536
T236,204.98,0.76,0.89,42.1,Low,VM44,163.348,VM16,146.508
T237,293.15,0.65,0.59,11.59,Low,VM98,31.756600000000002,VM17,23.527699999999996
T238,896.34,0.27,0.35,42.48,Low,VM133,135.51119999999997,VM18,144.8568
T239,13.0,0.42,0.48,29.31,Low,VM118,61.25789999999999,VM19,63.6027
T240,85.51,0.81,0.13,43.01,High,VM69,208.59849999999997,VM20,101.50359999999999
T241,207.89,0.6,0.22,24.41,Low,VM159,62.9778,VM21,57.3635
T242,26.53,0.1,0.79,22.06,Medium,VM45,82.725,VM22,87.137
T243,181.44,0.78,0.1,46.18,Low,VM137,112.6792,VM23,195.8032
T244,583.04,0.13,0.47,16.3,Medium,VM32,80.033,VM24,61.125
T245,421.42,0.77,0.57,42.99,High,VM33,91.56869999999999,VM25,210.2211
T246,892.67,0.28,0.15,26.78,Low,VM126,100.9606,VM26,83.5536
T247,817.44,0.96,0.98,28.13,High,VM67,133.0549,VM27,80.45179999999999
T248,341.82,0.43,0.3,18.88,Low,VM30,92.32319999999999,VM28,87.0368
T249,259.42,0.39,0.37,30.79,Medium,VM114,113.30720000000001,VM29,82.2093
T250,379.69,0.23,0.37,19.63,Medium,VM204,58.4974,VM30,95.99069999999999
T251,590.29,0.38,0.31,6.77,High,VM29,18.075899999999997,VM31,13.810799999999999
T252,268.06,0.89,0.1,17.24,Medium,VM131,61.029599999999995,VM32,84.6484
T253,624.15,1.0,0.76,5.29,Medium,VM218,16.3461,VM33,11.2677
T254,409.41,0.43,0.97,49.03,Low,VM185,188.7655,VM34,228.9701
T255,552.05,0.5,0.3,48.46,Low,VM30,236.96939999999998,VM35,173.48680000000002
T256,436.13,0.75,0.7,22.78,High,VM137,55.583200000000005,VM36,113.44440000000002
T257,294.47,0.9,0.77,37.78,Medium,VM154,114.8512,VM37,83.87160000000002
T258,948.45,0.63,0.86,20.56,Medium,VM130,62.502399999999994,VM38,75.2496
T259,763.61,0.45,0.48,35.2,Medium,VM62,127.072,VM39,172.83200000000002
T260,140.11,0.47,0.37,41.24,Medium,VM3,128.6688,VM40,147.2268
T261,868.47,0.73,0.39,47.6,High,VM174,107.10000000000001,VM41,185.16400000000002
T262,487.43,0.1,0.74,23.01,Medium,VM68,102.85470000000001,VM42,94.1109
T263,894.55,0.66,0.84,40.25,Medium,VM25,196.8225,VM43,135.24
T264,799.86,0.42,0.26,16.97,High,VM179,75.00739999999999,VM44,65.8436
T265,425.21,0.81,0.43,49.56,Low,VM141,167.5128,VM45,185.85000000000002
T266,22.47,0.18,0.91,6.16,Low,VM44,23.9008,VM46,28.952
T267,268.68,0.63,0.83,32.16,Medium,VM163,81.36479999999999,VM47,68.8224
T268,541.63,0.53,0.99,34.68,Low,VM55,117.5652,VM48,98.49119999999999
T269,633.48,0.68,0.78,35.96,Medium,VM215,118.3084,VM49,174.40599999999998
T270,257.89,0.16,0.45,10.42,High,VM137,25.424799999999998,VM50,48.6614
T271,139.36,0.62,0.63,47.23,Medium,VM130,143.5792,VM51,159.1651
T272,834.93,0.61,0.69,13.15,Medium,VM189,27.746499999999997,VM52,50.759
T273,984.4,0.6,0.17,33.02,High,VM41,128.44780000000003,VM53,93.44660000000002
T274,525.69,0.64,0.59,15.02,Medium,VM172,66.08800000000001,VM54,38.4512
T275,171.68,0.71,0.74,18.82,Medium,VM64,83.56080000000001,VM55,63.799800000000005
T276,272.31,0.82,0.25,29.59,Medium,VM31,60.3636,VM56,90.5454
T277,18.39,0.34,0.8,23.77,High,VM47,50.8678,VM57,89.1375
T278,914.3,0.84,0.63,12.21,Medium,VM130,37.1184,VM58,27.2283
T279,117.75,0.55,0.96,12.69,Medium,VM96,61.292699999999996,VM59,62.434799999999996
T280,576.52,0.17,0.14,23.82,High,VM210,83.37,VM60,118.1472
T281,274.06,0.15,0.34,39.08,Medium,VM77,122.32039999999999,VM61,159.8372
T282,554.18,0.4,0.64,45.41,Medium,VM110,196.1712,VM62,163.93009999999998
T283,651.42,0.81,0.37,8.79,High,VM69,42.631499999999996,VM63,25.7547
T284,829.74,0.74,0.74,22.69,Medium,VM58,50.5987,VM64,100.74360000000001
T285,206.42,0.81,0.78,9.51,Medium,VM106,29.1957,VM65,38.515499999999996
T286,11.0,0.57,0.19,5.75,High,VM44,22.31,VM66,14.3175
T287,136.89,0.5,0.56,34.78,Medium,VM74,159.988,VM67,164.50940000000003
T288,900.02,0.23,0.56,32.11,Medium,VM56,98.2566,VM68,143.5317
T289,873.89,0.4,0.43,12.34,High,VM171,26.160800000000002,VM69,59.849
T290,597.41,0.49,0.94,15.52,High,VM127,49.3536,VM70,64.8736
T291,600.52,0.18,0.84,6.07,Medium,VM217,17.299500000000002,VM71,23.3088
T292,665.04,0.3,0.73,42.57,Low,VM162,120.8988,VM72,138.3525
T293,175.37,0.64,0.74,48.86,Medium,VM30,238.92539999999997,VM73,234.528
T294,914.41,0.76,0.52,11.1,Medium,VM71,42.623999999999995,VM74,51.059999999999995
T295,418.77,1.0,0.93,15.42,Medium,VM198,42.0966,VM75,32.9988
T296,383.14,0.94,0.73,44.08,Medium,VM118,92.12719999999999,VM76,91.6864
T297,518.92,0.68,0.76,46.69,Medium,VM55,158.2791,VM77,146.13969999999998
T298,46.97,0.48,0.88,23.88,Medium,VM67,112.95240000000001,VM78,105.7884
T299,166.28,0.67,0.35,7.28,Low,VM141,24.6064,VM79,36.1088
T300,738.03,0.81,0.83,6.77,Medium,VM3,21.1224,VM80,16.5865
T301,82.8,0.21,0.28,30.83,Medium,VM26,96.1896,VM81,116.53739999999999
T302,603.15,0.47,0.41,22.68,Low,VM57,85.05,VM82,71.2152
T303,245.35,0.86,0.4,6.29,Low,VM126,23.7133,VM83,30.8839
T304,389.3,0.45,0.98,31.25,Medium,VM152,122.5,VM84,141.5625
T305,288.69,0.61,0.87,5.51,Medium,VM53,15.5933,VM85,24.850099999999998
T306,355.67,0.63,0.73,40.43,Low,VM198,110.37389999999999,VM86,137.8663
T307,719.05,0.27,0.75,18.79,High,VM43,63.13439999999999,VM87,60.8796
T308,297.12,0.43,0.61,6.81,Medium,VM188,28.8744,VM88,19.204199999999997
T309,566.4,0.4,0.95,31.48,High,VM186,97.9028,VM89,68.3116
T310,476.05,0.12,0.55,22.9,Medium,VM49,111.06499999999998,VM90,105.11099999999999
T311,663.67,0.12,0.44,48.82,Medium,VM42,199.6738,VM91,216.76080000000002
T312,936.83,0.85,0.25,29.49,High,VM204,87.88019999999999,VM92,147.45
T313,732.57,0.35,0.81,17.39,Medium,VM194,62.604000000000006,VM93,86.7761
T314,214.94,0.57,0.76,36.92,Medium,VM11,159.86360000000002,VM94,135.4964
T315,31.18,0.37,0.45,17.22,Low,VM103,46.321799999999996,VM95,74.21819999999998
T316,262.26,0.95,0.12,45.69,Medium,VM98,125.1906,VM96,220.68269999999998
T317,595.08,0.33,0.86,21.86,Low,VM218,67.5474,VM97,99.463
T318,51.43,0.49,0.11,29.74,Low,VM146,80.89280000000001,VM98,81.4876
T319,496.37,0.89,0.73,7.28,Low,VM85,32.8328,VM99,24.388
T320,596.84,0.86,0.97,24.18,Low,VM100,57.790200000000006,VM100,57.790200000000006
T321,334.24,0.27,0.49,42.46,High,VM104,170.68919999999997,VM101,206.3556
T322,770.91,0.82,0.31,41.25,Low,VM180,174.9,VM102,157.575
T323,106.6,0.51,0.73,15.09,Medium,VM46,70.923,VM103,40.5921
T324,75.14,0.53,0.84,15.17,High,VM44,58.8596,VM104,60.983399999999996
T325,728.19,0.22,0.59,41.78,Medium,VM22,165.031,VM105,160.853
T326,495.49,0.17,0.97,46.87,Low,VM181,119.51849999999999,VM106,143.8909
T327,688.4,0.76,0.15,9.29,Medium,VM187,31.4931,VM107,21.738599999999998
T328,434.83,0.55,0.55,25.25,Medium,VM114,92.92,VM108,101.2525
T329,246.4,0.49,0.75,20.19,Medium,VM125,61.5795,VM109,71.8764
T330,819.1,0.76,0.88,44.18,Medium,VM124,90.1272,VM110,190.85760000000002
T331,799.42,0.79,0.26,8.76,High,VM30,42.8364,VM111,31.1856
T332,694.7,0.24,0.82,14.5,Medium,VM8,61.769999999999996,VM112,66.11999999999999
T333,272.15,0.65,0.6,38.86,Medium,VM98,106.47640000000001,VM113,142.2276
T334,590.23,0.22,0.46,7.31,Medium,VM57,27.412499999999998,VM114,26.9008
T335,360.97,0.78,0.22,27.16,Low,VM111,96.6896,VM115,125.7508
T336,91.58,0.69,0.88,24.89,High,VM73,119.472,VM116,79.8969
T337,917.31,0.96,0.24,20.05,Low,VM115,92.8315,VM117,48.12
T338,136.82,0.16,0.38,22.76,Medium,VM20,53.7136,VM118,47.5684
T339,950.24,0.15,0.36,28.85,High,VM25,141.0765,VM119,123.1895
T340,446.01,0.35,0.88,12.26,Medium,VM19,26.6042,VM120,47.3236
T341,185.13,0.34,0.71,30.74,Medium,VM5,136.4856,VM121,126.34140000000001
T342,541.9,0.32,0.82,41.24,Medium,VM75,88.2536,VM122,108.87360000000001
T343,872.95,0.92,0.33,39.21,High,VM207,148.2138,VM123,94.49610000000001
T344,732.22,0.32,0.66,11.93,Medium,VM128,39.4883,VM124,24.3372
T345,806.56,0.34,0.61,11.72,High,VM72,38.09,VM125,35.746
T346,658.78,0.78,0.85,17.07,Low,VM211,38.578199999999995,VM126,64.3539
T347,692.28,0.5,0.92,21.25,Medium,VM215,69.9125,VM127,67.575
T348,849.2,0.8,0.11,23.38,High,VM155,109.65220000000001,VM128,77.3878
T349,249.67,0.16,0.71,35.59,Low,VM40,127.05630000000001,VM129,167.62890000000002
T350,489.42,0.54,0.15,7.55,Medium,VM26,23.556,VM130,22.951999999999998
T351,221.21,0.13,0.59,6.56,Low,VM27,18.761599999999998,VM131,23.2224
T352,987.67,0.16,0.36,22.64,Medium,VM190,62.486399999999996,VM132,98.484
T353,944.06,0.92,0.38,36.37,Medium,VM83,178.5767,VM133,116.02029999999999
T354,39.43,0.23,0.42,13.7,Medium,VM128,45.347,VM134,53.019
T355,705.58,0.58,0.66,33.87,Low,VM178,95.8521,VM135,155.46329999999998
T356,925.25,0.47,0.4,16.69,Low,VM170,67.92830000000001,VM136,80.9465
T357,180.58,0.41,0.76,44.87,Low,VM157,179.48,VM137,109.4828
T358,567.95,0.91,0.46,45.31,Medium,VM167,118.71220000000001,VM138,216.58180000000002
T359,915.49,0.12,0.16,18.38,Medium,VM188,77.9312,VM139,63.962399999999995
T360,33.95,0.7,0.81,15.35,High,VM169,53.878499999999995,VM140,42.5195
T361,697.42,0.97,0.36,23.51,Medium,VM33,50.0763,VM141,79.4638
T362,297.35,0.6,0.49,15.82,Medium,VM211,35.7532,VM142,78.1508
T363,924.4,0.94,0.72,35.26,High,VM211,79.68759999999999,VM143,122.70479999999999
T364,971.06,0.15,0.4,42.17,Medium,VM97,191.8735,VM144,126.08830000000002
T365,944.27,0.48,0.15,35.29,High,VM111,125.6324,VM145,137.631
T366,474.21,0.33,0.44,42.1,Medium,VM16,146.508,VM146,114.51200000000001
T367,862.04,0.76,0.95,22.86,Low,VM23,96.9264,VM147,50.977799999999995
T368,844.55,0.98,0.68,12.03,Low,VM135,55.217699999999994,VM148,28.7517
T369,319.1,0.33,0.7,38.21,Medium,VM26,119.21520000000001,VM149,90.93979999999999
T370,828.92,0.69,0.67,21.22,Low,VM96,102.4926,VM150,52.20119999999999
T371,37.01,0.28,0.28,35.21,Medium,VM12,129.5728,VM151,85.2082
T372,596.27,0.61,0.48,17.18,Medium,VM72,55.835,VM152,67.3456
T373,230.01,0.52,0.78,8.66,Medium,VM133,27.6254,VM153,22.083
T374,120.57,0.97,0.19,49.67,Medium,VM106,152.4869,VM154,150.9968
T375,76.95,0.65,0.35,12.03,Low,VM220,44.631299999999996,VM155,56.420700000000004
T376,696.29,0.41,0.35,49.48,Medium,VM117,118.75199999999998,VM156,169.2216
T377,339.87,0.2,0.49,48.98,Medium,VM197,176.328,VM157,195.92
T378,724.77,0.24,0.98,40.72,High,VM177,88.7696,VM158,102.6144
T379,65.36,0.3,0.16,34.67,Medium,VM26,108.17040000000001,VM159,89.44860000000001
T380,315.29,0.33,0.57,31.0,High,VM133,98.89,VM160,65.72
T381,539.49,0.87,0.26,43.97,Medium,VM22,173.6815,VM161,110.36469999999998
T382,790.72,0.61,0.97,18.02,Medium,VM207,68.1156,VM162,51.17679999999999
T383,318.75,0.57,0.2,26.05,Low,VM13,85.18350000000001,VM163,65.9065
T384,625.89,0.2,0.46,32.87,Medium,VM156,112.41539999999999,VM164,74.61489999999999
T385,885.98,0.87,0.76,23.5,Medium,VM161,58.98499999999999,VM165,55.459999999999994
T386,615.86,0.75,0.73,24.24,Medium,VM107,56.721599999999995,VM166,81.93119999999999
T387,232.96,0.16,0.48,19.86,Medium,VM23,84.2064,VM167,52.0332
T388,24.4,0.74,0.41,30.39,Medium,VM97,138.2745,VM168,93.9051
T389,870.1,0.59,0.46,43.28,Medium,VM18,147.5848,VM169,151.9128
T390,21.27,0.17,0.34,14.07,Medium,VM117,33.768,VM170,57.264900000000004
T391,874.7,0.51,0.28,47.05,Low,VM30,230.07449999999997,VM171,99.746
T392,528.94,0.54,0.53,36.01,High,VM26,112.35119999999999,VM172,158.44400000000002
T393,939.07,0.25,0.34,42.05,Low,VM144,125.7295,VM173,163.154
T394,798.78,0.95,0.36,30.03,Low,VM205,70.8708,VM174,67.5675
T395,997.93,0.86,0.69,40.08,Medium,VM39,196.7928,VM175,185.1696
T396,350.71,0.7,0.97,5.73,Medium,VM161,14.382299999999999,VM176,27.2748
T397,767.19,0.52,0.64,41.83,Medium,VM154,127.1632,VM177,91.1894
T398,401.93,0.47,0.17,6.81,Low,VM176,32.4156,VM178,19.272299999999998
T399,479.88,0.69,0.17,45.05,Medium,VM193,159.477,VM179,199.12099999999998
T400,627.51,0.59,0.96,49.64,Medium,VM166,167.7832,VM180,210.4736
T401,873.68,0.16,0.37,18.23,High,VM130,55.419200000000004,VM181,46.4865
T402,984.08,0.56,0.18,14.46,High,VM113,52.92360000000001,VM182,38.0298
T403,768.27,0.83,0.64,39.44,Medium,VM134,152.6328,VM183,122.65839999999999
T404,417.77,0.51,0.66,16.39,Medium,VM46,77.033,VM184,56.545500000000004
T405,421.36,0.15,0.68,43.95,Medium,VM50,205.2465,VM185,169.2075
T406,737.58,0.81,0.34,9.63,Low,VM166,32.5494,VM186,29.9493
T407,238.78,0.28,0.11,10.67,Medium,VM106,32.756899999999995,VM187,36.1713
T408,110.47,0.33,0.97,49.06,Medium,VM216,116.7628,VM188,208.01440000000002
T409,354.62,0.25,0.33,35.32,High,VM146,96.0704,VM189,74.5252
T410,287.24,0.4,0.71,43.11,Low,VM155,202.1859,VM190,118.9836
T411,296.31,0.78,0.74,19.59,Medium,VM169,68.76089999999999,VM191,81.1026
T412,233.61,0.57,0.65,35.44,Medium,VM72,115.17999999999999,VM192,166.2136
T413,42.09,0.28,0.38,31.74,Medium,VM220,117.7554,VM193,112.3596
T414,17.87,0.89,0.34,32.14,Low,VM74,147.844,VM194,115.70400000000001
T415,987.72,0.89,0.64,35.71,High,VM17,72.4913,VM195,82.8472
T416,427.77,0.88,0.88,30.89,Medium,VM190,85.2564,VM196,103.1726
T417,384.33,0.31,0.95,24.31,Medium,VM157,97.24,VM197,87.51599999999999
T418,679.65,0.51,0.2,17.42,Low,VM186,54.1762,VM198,47.5566
T419,218.25,0.99,0.24,39.59,Medium,VM70,165.4862,VM199,111.24790000000002
T420,949.96,0.79,0.95,15.18,Medium,VM206,70.89059999999999,VM200,47.5134
T421,786.35,0.12,0.76,36.16,Low,VM150,88.9536,VM201,74.4896
T422,89.41,0.16,0.89,15.5,Low,VM6,75.02,VM202,46.035000000000004
T423,417.58,0.52,0.28,33.14,High,VM26,103.3968,VM203,87.1582
T424,879.12,0.92,0.63,38.62,Low,VM167,101.1844,VM204,115.0876
T425,944.73,0.58,0.73,14.84,Low,VM140,41.1068,VM205,35.0224
T426,467.4,0.55,0.71,7.7,Medium,VM99,25.795,VM206,35.959
T427,613.41,0.19,0.47,10.89,Medium,VM142,53.796600000000005,VM207,41.1642
T428,167.03,0.69,0.11,32.27,Low,VM22,127.46650000000002,VM208,130.3708
T429,991.17,0.84,0.62,43.23,Medium,VM51,145.6851,VM209,188.9151
T430,231.67,0.44,0.33,7.02,Low,VM151,16.9884,VM210,24.57
T431,942.73,0.8,0.51,38.04,Low,VM176,181.07039999999998,VM211,85.97039999999998
T432,649.65,0.97,0.96,20.36,Low,VM199,57.2116,VM212,73.4996
T433,607.74,0.28,0.46,26.53,High,VM104,106.6506,VM213,99.7528
T434,512.69,0.57,0.86,46.8,Low,VM178,132.444,VM214,198.432
T435,230.67,0.36,0.27,19.94,Low,VM89,43.269800000000004,VM215,65.60260000000001
T436,176.53,0.81,0.71,25.94,Medium,VM141,87.6772,VM216,61.7372
T437,220.49,0.62,0.98,5.62,High,VM213,21.1312,VM217,16.017
T438,186.44,0.67,0.19,8.67,Low,VM138,41.4426,VM218,26.7903
T439,779.58,0.82,0.11,16.64,Medium,VM183,51.7504,VM219,65.5616
T440,350.13,0.46,0.49,6.25,Low,VM9,19.5625,VM220,23.1875
T441,57.84,0.92,0.18,33.41,Medium,VM79,165.71359999999999,VM1,75.17249999999999
T442,969.1,0.58,0.77,24.19,Medium,VM52,93.3734,VM2,119.9824
T443,883.79,0.24,0.92,29.67,Medium,VM130,90.19680000000001,VM3,92.5704
T444,927.75,0.73,0.49,12.86,Medium,VM153,32.793,VM4,39.9946
T445,994.91,0.81,0.33,18.32,Medium,VM13,59.9064,VM5,81.3408
T446,173.9,0.39,0.49,34.87,Low,VM51,117.5119,VM6,168.77079999999998
T447,396.24,0.87,0.75,48.44,Medium,VM186,150.64839999999998,VM7,240.26239999999999
T448,758.24,0.92,0.11,7.27,Low,VM34,33.9509,VM8,30.9702
T449,696.02,0.35,0.63,45.07,Medium,VM35,161.35060000000001,VM9,141.0691
T450,153.9,0.99,0.65,30.96,High,VM131,109.5984,VM10,69.66
T451,815.83,0.23,0.67,30.38,High,VM120,117.26679999999999,VM11,131.5454
T452,224.44,0.28,0.32,27.51,High,VM187,93.25890000000001,VM12,101.23680000000002
T453,223.82,0.27,0.74,8.12,Medium,VM70,33.941599999999994,VM13,26.5524
T454,536.97,0.9,0.18,9.04,Medium,VM176,43.03039999999999,VM14,42.66879999999999
T455,592.94,0.69,0.28,32.04,Low,VM192,150.26760000000002,VM15,74.6532
T456,580.09,0.24,0.89,20.34,Medium,VM147,45.3582,VM16,70.7832
T457,91.49,0.5,0.76,46.28,Medium,VM67,218.90440000000004,VM17,93.94839999999999
T458,877.46,0.65,0.11,23.3,Medium,VM210,81.55,VM18,79.453
T459,265.6,0.18,0.32,11.45,Medium,VM103,30.800499999999996,VM19,24.8465
T460,129.51,0.89,0.29,37.16,Low,VM73,178.36799999999997,VM20,87.6976
T461,888.75,0.82,0.34,18.2,Medium,VM116,58.422,VM21,42.77
T462,955.65,0.55,0.32,28.65,High,VM204,85.377,VM22,113.1675
T463,862.13,0.97,0.16,36.4,Low,VM133,116.116,VM23,154.336
T464,809.52,0.48,0.51,45.51,Medium,VM67,215.2623,VM24,170.6625
T465,655.24,0.99,0.76,40.65,High,VM139,141.462,VM25,198.77849999999998
T466,550.86,0.7,0.65,35.44,Medium,VM121,145.6584,VM26,110.5728
T467,86.99,0.67,0.71,35.58,Medium,VM94,130.5786,VM27,101.7588
T468,408.45,0.25,0.17,47.57,Low,VM196,158.8838,VM28,219.29770000000002
T469,372.69,0.89,0.96,18.31,Medium,VM197,65.916,VM29,48.887699999999995
T470,259.75,0.48,0.85,5.05,High,VM129,23.7855,VM30,24.694499999999998
T471,723.42,0.25,0.82,17.24,Medium,VM91,76.5456,VM31,35.169599999999996
T472,495.88,0.11,0.84,14.81,Medium,VM92,74.05,VM32,72.7171
T473,81.05,0.6,0.94,34.78,Low,VM63,101.90540000000001,VM33,74.0814
T474,220.18,0.57,0.59,33.52,Low,VM29,89.4984,VM34,156.53840000000002
T475,683.26,0.75,0.28,31.71,High,VM210,110.985,VM35,113.5218
T476,76.13,0.9,0.66,5.73,Medium,VM12,21.0864,VM36,28.535400000000006
T477,851.21,0.17,0.77,37.8,Medium,VM77,118.314,VM37,83.916
T478,495.15,0.76,0.76,19.56,Low,VM41,76.0884,VM38,71.5896
T479,480.59,0.27,0.57,34.93,Medium,VM130,106.1872,VM39,171.5063
T480,592.41,0.87,0.16,30.05,High,VM37,66.71100000000001,VM40,107.2785
T481,824.68,0.84,0.43,20.42,Medium,VM173,79.2296,VM41,79.4338
T482,347.81,0.59,0.93,11.06,Low,VM208,44.6824,VM42,45.2354
T483,678.02,0.74,0.63,9.25,Medium,VM176,44.03,VM43,31.08
T484,565.73,0.38,0.58,42.42,Medium,VM24,159.07500000000002,VM44,164.5896
T485,267.03,0.52,0.34,46.33,Medium,VM99,155.2055,VM45,173.73749999999998
T486,878.63,0.84,0.43,34.24,High,VM150,84.2304,VM46,160.92800000000003
T487,797.43,0.51,0.91,9.65,Medium,VM100,23.0635,VM47,20.651000000000003
T488,658.45,0.42,0.7,23.09,High,VM139,80.3532,VM48,65.5756
T489,850.58,0.54,0.81,37.8,Medium,VM58,84.294,VM49,183.32999999999998
T490,867.29,0.85,0.51,40.09,Low,VM174,90.20250000000001,VM50,187.2203
T491,708.36,0.4,0.67,10.32,Medium,VM29,27.5544,VM51,34.778400000000005
T492,837.01,0.26,0.32,5.0,Low,VM163,12.649999999999999,VM52,19.3
T493,697.47,0.74,0.73,37.05,High,VM143,128.934,VM53,104.8515
T494,680.14,0.84,0.48,21.05,Medium,VM60,104.408,VM54,53.888000000000005
T495,618.61,0.19,0.5,16.45,Medium,VM95,70.89949999999999,VM55,55.7655
T496,752.72,0.32,0.68,5.58,Medium,VM42,22.8222,VM56,17.0748
T497,158.61,0.23,0.94,29.31,Low,VM43,98.48159999999999,VM57,109.9125
T498,880.87,0.41,0.16,43.3,Medium,VM208,174.932,VM58,96.559
T499,871.84,0.51,0.84,48.09,Medium,VM74,221.214,VM59,236.6028
T500,29.25,0.77,0.36,30.46,Low,VM177,66.40280000000001,VM60,151.0816
T501,825.82,0.69,0.5,28.15,Medium,VM192,132.0235,VM61,115.13349999999998
T502,128.87,0.66,0.12,8.83,Low,VM160,18.7196,VM62,31.8763
T503,335.12,0.42,0.37,29.7,Medium,VM64,131.868,VM63,87.021
T504,743.51,0.86,0.55,22.1,Medium,VM2,109.616,VM64,98.12400000000001
T505,160.76,0.52,0.15,32.32,Low,VM152,126.6944,VM65,130.896
T506,817.97,0.98,0.54,22.49,High,VM215,73.9921,VM66,56.0001
T507,832.13,0.67,0.93,15.81,Low,VM66,39.3669,VM67,74.78130000000002
T508,507.47,0.21,0.19,9.27,Low,VM166,31.3326,VM68,41.436899999999994
T509,6.39,0.71,0.79,19.17,Low,VM31,39.10680000000001,VM69,92.9745
T510,287.04,0.39,0.47,9.35,Medium,VM115,43.290499999999994,VM70,39.083
T511,616.93,0.72,0.69,12.96,Medium,VM26,40.4352,VM71,49.766400000000004
T512,981.19,0.16,0.33,49.43,Medium,VM29,131.97809999999998,VM72,160.6475
T513,631.81,0.26,0.24,24.98,Low,VM195,57.953599999999994,VM73,119.904
T514,259.8,0.87,0.24,28.93,Low,VM78,128.1599,VM74,133.07799999999997
T515,634.01,0.3,0.16,44.31,Medium,VM25,216.67589999999998,VM75,94.8234
T516,539.99,0.85,0.27,49.8,High,VM48,141.432,VM76,103.584
T517,779.85,0.35,0.7,31.22,High,VM65,126.44099999999999,VM77,97.7186
T518,106.98,0.68,0.89,41.56,Low,VM181,105.978,VM78,184.1108
T519,761.03,0.72,0.83,19.71,Medium,VM67,93.22830000000002,VM79,97.7616
T520,541.27,0.56,0.72,18.76,High,VM90,86.1084,VM80,45.96200000000001
T521,962.99,0.37,0.2,23.12,Medium,VM146,62.88640000000001,VM81,87.39359999999999
T522,341.87,0.29,0.36,35.26,High,VM137,86.03439999999999,VM82,110.7164
T523,632.62,0.13,0.38,35.7,Low,VM38,130.662,VM83,175.287
T524,932.03,0.37,0.32,19.19,High,VM87,62.17560000000001,VM84,86.93070000000002
T525,102.51,0.69,0.56,10.99,Medium,VM149,26.1562,VM85,49.5649
T526,937.23,0.94,0.58,33.46,High,VM65,135.513,VM86,114.0986
T527,687.89,0.88,0.42,10.77,Medium,VM149,25.632599999999996,VM87,34.894800000000004
T528,67.84,0.79,0.42,31.03,Medium,VM27,88.7458,VM88,87.5046
T529,300.96,0.81,0.85,36.2,High,VM106,111.134,VM89,78.554
T530,708.17,0.7,0.81,36.53,Low,VM123,88.0373,VM90,167.6727
T531,67.35,0.33,0.38,38.91,Medium,VM198,106.22429999999999,VM91,172.7604
T532,582.17,0.92,0.92,44.28,Medium,VM44,171.8064,VM92,221.4
T533,345.88,0.7,0.96,27.5,Medium,VM100,65.72500000000001,VM93,137.225
T534,620.92,0.6,0.39,37.86,High,VM28,174.5346,VM94,138.9462
T535,45.74,0.2,0.42,32.86,Low,VM173,127.4968,VM95,141.6266
T536,871.54,0.5,0.56,13.4,Medium,VM17,27.201999999999998,VM96,64.72200000000001
T537,973.49,0.51,0.95,6.16,Medium,VM127,19.588800000000003,VM97,28.028
T538,968.88,0.88,0.89,17.8,Low,VM123,42.898,VM98,48.772000000000006
T539,749.65,0.59,0.19,24.94,Medium,VM168,77.0646,VM99,83.549
T540,130.09,0.44,0.45,32.77,Low,VM131,116.00580000000001,VM100,78.32030000000002
T541,758.26,0.98,0.6,43.25,Medium,VM76,89.96000000000001,VM101,210.19500000000002
T542,24.59,0.2,0.55,13.83,High,VM204,41.2134,VM102,52.8306
T543,22.12,0.48,0.27,10.65,Medium,VM194,38.34,VM103,28.648500000000002
T544,323.61,0.14,0.87,48.36,Medium,VM46,227.292,VM104,194.4072
T545,488.64,0.77,0.71,9.86,High,VM214,41.8064,VM105,37.961
T546,770.41,0.93,0.85,26.53,Medium,VM215,87.28370000000001,VM106,81.4471
T547,683.3,0.35,0.87,31.35,High,VM158,79.00200000000001,VM107,73.359
T548,445.9,0.87,0.77,29.36,Medium,VM69,142.396,VM108,117.7336
T549,273.63,0.36,0.5,8.87,High,VM137,21.642799999999998,VM109,31.577199999999998
T550,997.12,0.92,0.65,7.57,Low,VM85,34.1407,VM110,32.702400000000004
T551,426.18,0.78,0.24,9.75,High,VM11,42.2175,VM111,34.71
T552,451.39,0.82,0.71,31.35,Low,VM69,152.04749999999999,VM112,142.956
T553,163.62,0.12,0.26,29.5,Medium,VM99,98.825,VM113,107.97
T554,794.81,0.97,0.72,15.52,Medium,VM91,68.9088,VM114,57.1136
T555,693.68,0.75,0.31,33.7,Medium,VM194,121.32000000000001,VM115,156.031
T556,220.77,0.37,0.21,41.9,Medium,VM216,99.722,VM116,134.499
T557,82.38,0.85,0.25,6.87,Medium,VM159,17.724600000000002,VM117,16.488
T558,680.5,0.35,0.1,27.42,Medium,VM161,68.8242,VM118,57.3078
T559,654.51,0.89,0.75,36.02,Low,VM167,94.37240000000001,VM119,153.8054
T560,273.26,0.2,0.76,16.35,Low,VM94,60.00450000000001,VM120,63.111000000000004
T561,950.86,0.73,0.56,18.85,Low,VM174,42.4125,VM121,77.47350000000002
T562,151.06,0.59,0.25,32.61,Medium,VM165,76.9596,VM122,86.0904
T563,432.33,0.19,0.18,45.41,Low,VM115,210.24829999999997,VM123,109.43809999999999
T564,943.62,0.32,0.12,41.45,Medium,VM220,153.7795,VM124,84.558
T565,419.73,0.11,0.25,31.24,Medium,VM188,132.4576,VM125,95.282
T566,638.53,0.52,0.9,37.86,Low,VM31,77.2344,VM126,142.7322
T567,397.59,0.37,0.32,21.42,Medium,VM11,92.74860000000001,VM127,68.11560000000001
T568,274.22,0.64,0.42,33.84,High,VM87,109.64160000000003,VM128,112.01040000000002
T569,983.98,0.37,0.19,25.98,Low,VM121,106.77780000000001,VM129,122.36580000000001
T570,409.33,0.37,0.3,13.55,Medium,VM130,41.192,VM130,41.192
T571,894.1,0.77,0.57,36.58,Medium,VM105,140.833,VM131,129.4932
T572,229.95,0.14,0.65,30.04,Medium,VM27,85.9144,VM132,130.67399999999998
T573,213.1,0.91,0.32,21.14,Medium,VM2,104.8544,VM133,67.4366
T574,31.13,0.87,0.15,46.01,Medium,VM103,123.76689999999999,VM134,178.0587
T575,651.67,0.7,0.45,5.94,Medium,VM101,28.868400000000005,VM135,27.2646
T576,368.53,0.63,0.31,19.21,Low,VM21,45.1435,VM136,93.1685
T577,864.36,0.9,0.3,7.56,Medium,VM58,16.8588,VM137,18.446399999999997
T578,473.21,0.27,0.96,39.49,Medium,VM133,125.9731,VM138,188.7622
T579,968.19,0.17,0.65,36.59,Low,VM180,155.1416,VM139,127.3332
T580,185.53,0.32,0.6,19.91,Medium,VM173,77.2508,VM140,55.1507
T581,868.62,0.82,0.47,35.4,High,VM85,159.654,VM141,119.65199999999999
T582,776.6,0.13,0.49,22.82,Medium,VM93,113.87180000000001,VM142,112.73080000000002
T583,770.92,0.62,0.59,39.03,Medium,VM20,92.1108,VM143,135.8244
T584,844.78,1.0,0.73,25.44,High,VM61,104.0496,VM144,76.0656
T585,761.02,0.87,0.73,23.55,Medium,VM38,86.19300000000001,VM145,91.845
T586,626.22,0.57,0.25,47.06,Medium,VM148,112.47340000000001,VM146,128.00320000000002
T587,131.24,0.16,0.55,16.29,Medium,VM25,79.65809999999999,VM147,36.326699999999995
T588,32.53,0.85,0.47,10.42,High,VM130,31.6768,VM148,24.9038
T589,920.85,0.64,0.88,31.3,Medium,VM121,128.643,VM149,74.494
T590,616.65,0.2,0.67,48.62,Medium,VM160,103.0744,VM150,119.6052
T591,796.54,0.18,0.58,22.0,Medium,VM26,68.64,VM151,53.239999999999995
T592,481.52,0.92,0.2,7.79,High,VM198,21.2667,VM152,30.5368
T593,117.31,0.7,0.65,20.27,Medium,VM169,71.1477,VM153,51.6885
T594,125.19,0.85,0.21,27.77,Low,VM67,131.3521,VM154,84.4208
T595,685.57,0.89,0.4,12.29,High,VM1,27.652499999999996,VM155,57.640100000000004
T596,430.31,0.61,0.23,34.61,Medium,VM51,116.6357,VM156,118.36619999999999
T597,200.52,0.57,0.72,49.9,Low,VM5,221.556,VM157,199.6
T598,491.59,0.49,0.29,25.33,Medium,VM13,82.8291,VM158,63.831599999999995
T599,64.21,0.39,0.45,20.96,Medium,VM147,46.7408,VM159,54.076800000000006
T600,581.97,0.49,0.91,23.03,High,VM140,63.7931,VM160,48.823600000000006
T601,268.99,0.8,0.28,10.18,Low,VM48,28.911199999999997,VM161,25.551799999999997
T602,797.56,0.64,0.56,44.75,High,VM153,114.1125,VM162,127.08999999999999
T603,310.36,0.9,0.48,23.67,Medium,VM57,88.7625,VM163,59.8851
T604,455.22,0.5,0.12,22.43,Low,VM115,103.8509,VM164,50.9161
T605,11.62,0.65,0.81,34.69,High,VM35,124.19019999999999,VM165,81.8684
T606,72.45,0.67,0.16,24.89,Medium,VM76,51.7712,VM166,84.12819999999999
T607,392.49,0.63,0.53,34.17,Low,VM94,125.40390000000001,VM167,89.5254
T608,479.94,0.73,0.6,7.77,Medium,VM5,34.4988,VM168,24.009299999999996
T609,600.02,0.31,0.67,41.62,High,VM22,164.399,VM169,146.0862
T610,291.66,0.56,0.72,47.32,Medium,VM103,127.2908,VM170,192.59240000000003
T611,694.98,0.19,0.33,34.19,Low,VM205,80.68839999999999,VM171,72.4828
T612,860.12,0.45,0.11,47.96,Low,VM185,184.64600000000002,VM172,211.02400000000003
T613,779.85,0.54,0.75,11.81,Low,VM175,54.562200000000004,VM173,45.8228
T614,39.62,0.69,0.58,26.48,Medium,VM182,69.6424,VM174,59.58
T615,480.51,0.96,0.85,32.08,Medium,VM131,113.5632,VM175,148.2096
T616,104.93,0.64,0.84,31.18,Low,VM124,63.6072,VM176,148.4168
T617,242.05,0.77,0.86,23.07,Low,VM53,65.2881,VM177,50.29260000000001
T618,986.66,0.56,0.54,20.21,Medium,VM212,72.9581,VM178,57.194300000000005
T619,142.5,0.67,0.4,10.71,High,VM159,27.631800000000002,VM179,47.3382
T620,498.89,0.16,0.81,22.63,Medium,VM69,109.75549999999998,VM180,95.9512
T621,618.16,0.33,0.51,12.32,High,VM216,29.3216,VM181,31.415999999999997
T622,702.46,0.43,0.27,38.05,Medium,VM104,152.96099999999998,VM182,100.07149999999999
T623,559.65,0.53,0.87,14.4,Low,VM161,36.144,VM183,44.784
T624,9.77,0.14,0.89,7.64,High,VM200,23.9132,VM184,26.358
T625,326.46,0.23,0.52,29.86,Medium,VM216,71.0668,VM185,114.961
T626,517.71,0.35,0.17,31.79,Medium,VM178,89.9657,VM186,98.86689999999999
T627,87.87,0.97,0.45,44.24,High,VM212,159.7064,VM187,149.9736
T628,350.63,0.4,0.82,30.96,Low,VM16,107.74080000000001,VM188,131.27040000000002
T629,33.2,0.53,0.91,20.55,Low,VM116,65.9655,VM189,43.3605
T630,78.58,0.28,0.28,41.14,Medium,VM76,85.5712,VM190,113.54639999999999
T631,396.92,0.65,0.16,29.31,Low,VM205,69.1716,VM191,121.34339999999999
T632,132.72,0.35,0.89,8.57,Low,VM109,30.5092,VM192,40.19330000000001
T633,567.54,0.29,0.45,30.46,Low,VM39,149.5586,VM193,107.8284
T634,689.46,0.56,0.59,45.86,Low,VM89,99.5162,VM194,165.096
T635,800.59,0.1,0.97,22.83,Medium,VM174,51.36749999999999,VM195,52.965599999999995
T636,200.15,0.11,0.16,18.33,Low,VM216,43.62539999999999,VM196,61.222199999999994
T637,167.48,0.3,0.68,11.46,Medium,VM112,52.2576,VM197,41.25600000000001
T638,104.57,0.13,0.17,11.82,Medium,VM47,25.294800000000002,VM198,32.2686
T639,636.43,0.2,0.44,24.47,Medium,VM172,107.668,VM199,68.7607
T640,706.48,0.4,0.82,31.81,Low,VM137,77.6164,VM200,99.5653
T641,31.59,0.82,0.49,8.63,Medium,VM215,28.3927,VM201,17.777800000000003
T642,936.21,0.61,1.0,47.28,Low,VM128,156.4968,VM202,140.4216
T643,51.97,0.56,0.6,38.98,Medium,VM178,110.31339999999999,VM203,102.51739999999998
T644,541.3,0.36,0.39,31.4,High,VM77,98.282,VM204,93.57199999999999
T645,709.06,0.94,0.3,42.28,Medium,VM188,179.2672,VM205,99.7808
T646,870.97,0.46,0.42,8.61,Medium,VM15,20.0613,VM206,40.20869999999999
T647,714.09,0.18,0.44,26.46,Medium,VM36,131.7708,VM207,100.0188
T648,801.73,0.66,0.16,33.35,Medium,VM63,97.7155,VM208,134.734
T649,339.45,0.2,0.43,42.29,High,VM69,205.10649999999998,VM209,184.8073
T650,814.83,0.41,0.52,40.26,High,VM214,170.7024,VM210,140.91
T651,80.11,0.56,0.75,17.47,Medium,VM208,70.5788,VM211,39.48219999999999
T652,894.82,0.89,0.69,47.34,Medium,VM169,166.1634,VM212,170.8974
T653,547.59,0.54,0.74,10.6,High,VM74,48.76,VM213,39.855999999999995
T654,817.3,0.73,0.11,44.38,High,VM24,166.425,VM214,188.17120000000003
T655,452.32,0.99,0.3,48.69,Medium,VM210,170.415,VM215,160.1901
T656,643.58,0.22,0.7,12.97,Medium,VM49,62.9045,VM216,30.8686
T657,526.4,0.35,0.54,37.49,Low,VM146,101.9728,VM217,106.8465
T658,731.59,0.46,0.1,6.81,High,VM7,33.7776,VM218,21.0429
T659,81.63,0.48,0.82,23.24,Low,VM4,72.2764,VM219,91.56559999999999
T660,60.35,0.47,0.8,28.23,Medium,VM90,129.5757,VM220,104.7333
T661,247.1,0.92,0.59,31.13,Low,VM197,112.068,VM1,70.0425
T662,159.54,0.74,0.16,47.12,Low,VM60,233.71519999999998,VM2,233.71519999999998
T663,871.78,0.65,0.79,35.25,Medium,VM55,119.4975,VM3,109.98
T664,219.21,0.38,0.63,26.66,High,VM16,92.7768,VM4,82.9126
T665,975.87,0.84,0.8,41.44,Low,VM218,128.0496,VM5,183.99360000000001
T666,336.9,0.96,0.78,47.77,Medium,VM210,167.19500000000002,VM6,231.20680000000002
T667,182.12,0.84,0.82,5.99,Low,VM29,15.9933,VM7,29.7104
T668,789.7,0.1,0.57,49.21,Low,VM151,119.0882,VM8,209.6346
T669,658.71,0.67,0.23,8.88,Medium,VM14,41.9136,VM9,27.794400000000003
T670,498.2,0.15,0.7,41.65,Medium,VM79,206.584,VM10,93.71249999999999
T671,555.36,0.33,0.66,17.62,Low,VM177,38.41160000000001,VM11,76.2946
T672,719.2,0.15,0.77,10.95,Medium,VM33,23.323499999999996,VM12,40.296
T673,228.45,0.64,0.25,24.79,Low,VM153,63.214499999999994,VM13,81.0633
T674,996.33,0.72,0.28,33.98,Medium,VM21,79.853,VM14,160.38559999999998
T675,974.79,0.2,0.9,22.14,High,VM145,86.346,VM15,51.586200000000005
T676,650.33,0.45,0.77,7.46,High,VM23,31.6304,VM16,25.9608
T677,199.54,0.51,0.92,31.98,Medium,VM57,119.925,VM17,64.9194
T678,680.23,0.43,0.78,45.61,Medium,VM209,199.3157,VM18,155.5301
T679,72.2,0.21,0.64,22.24,High,VM186,69.1664,VM19,48.260799999999996
T680,30.65,0.48,0.69,14.73,Low,VM142,72.76620000000001,VM20,34.7628
T681,257.68,0.78,0.9,24.92,High,VM93,124.35080000000002,VM21,58.562000000000005
T682,462.62,0.16,0.62,7.18,High,VM20,16.944799999999997,VM22,28.361
T683,868.27,0.17,0.67,41.92,Low,VM158,105.6384,VM23,177.7408
T684,727.17,0.42,0.24,42.19,Low,VM19,91.55229999999999,VM24,158.21249999999998
T685,742.71,0.95,0.53,31.46,High,VM181,80.223,VM25,153.83939999999998
T686,425.49,0.7,0.74,20.89,Medium,VM103,56.1941,VM26,65.1768
T687,345.93,0.71,0.34,40.99,Low,VM184,141.4155,VM27,117.2314
T688,371.04,0.43,0.28,29.96,Low,VM77,93.7748,VM28,138.1156
T689,987.65,0.63,0.38,42.17,Medium,VM210,147.595,VM29,112.5939
T690,40.11,0.11,0.32,33.42,Medium,VM151,80.8764,VM30,163.4238
T691,867.03,0.67,0.29,40.3,Medium,VM190,111.22799999999998,VM31,82.21199999999999
T692,578.68,0.92,0.48,31.94,High,VM33,68.0322,VM32,156.8254
T693,438.62,0.65,0.92,23.64,Low,VM18,80.61240000000001,VM33,50.3532
T694,725.26,0.89,0.56,48.11,Medium,VM73,230.928,VM34,224.6737
T695,486.67,0.75,0.27,29.35,Medium,VM161,73.6685,VM35,105.07300000000001
T696,873.42,0.21,0.17,32.23,Medium,VM160,68.3276,VM36,160.5054
T697,900.7,0.91,0.73,14.92,Low,VM189,31.481199999999998,VM37,33.122400000000006
T698,421.72,0.16,0.44,33.15,High,VM182,87.18449999999999,VM38,121.329
T699,276.83,0.58,0.84,30.72,High,VM17,62.36159999999999,VM39,150.8352
T700,592.35,0.23,0.69,13.32,Medium,VM19,28.9044,VM40,47.5524
T701,912.36,0.11,0.82,7.68,Medium,VM219,30.2592,VM41,29.8752
T702,210.66,0.48,0.34,32.2,Low,VM70,134.596,VM42,131.698
T703,622.97,0.37,0.72,39.37,Medium,VM120,151.9682,VM43,132.2832
T704,631.56,0.54,0.34,28.55,Medium,VM101,138.75300000000001,VM44,110.774
T705,733.11,0.62,0.95,15.2,Medium,VM34,70.984,VM45,57.0
T706,131.57,0.14,0.67,34.99,High,VM84,158.5047,VM46,164.453
T707,715.82,0.21,0.39,8.6,Medium,VM153,21.929999999999996,VM47,18.404
T708,909.03,0.6,0.34,24.88,Medium,VM196,83.0992,VM48,70.6592
T709,179.68,0.41,0.27,12.35,Medium,VM74,56.809999999999995,VM49,59.897499999999994
T710,237.54,0.76,0.73,13.3,Low,VM202,39.501000000000005,VM50,62.111000000000004
T711,971.4,0.69,0.3,14.1,Medium,VM88,39.76199999999999,VM51,47.517
T712,180.98,0.86,0.64,22.4,Medium,VM85,101.02399999999999,VM52,86.464
T713,854.39,0.72,0.34,7.3,Medium,VM11,31.608999999999998,VM53,20.659
T714,492.28,0.49,0.7,22.9,Medium,VM91,101.676,VM54,58.623999999999995
T715,247.23,0.71,0.83,28.03,Medium,VM144,83.8097,VM55,95.02170000000001
T716,870.75,0.35,0.8,26.75,Medium,VM218,82.6575,VM56,81.855
T717,445.31,0.38,0.78,22.23,Medium,VM189,46.9053,VM57,83.3625
T718,514.82,0.81,0.27,42.76,Medium,VM127,135.9768,VM58,95.3548
T719,359.23,0.5,0.18,11.54,High,VM113,42.236399999999996,VM59,56.776799999999994
T720,592.95,0.82,0.73,27.76,Low,VM80,68.01200000000001,VM60,137.6896
T721,163.52,0.84,0.43,7.79,Low,VM7,38.6384,VM61,31.8611
T722,391.08,0.87,0.49,8.2,Medium,VM16,28.535999999999998,VM62,29.601999999999997
T723,969.41,0.92,0.13,30.82,Low,VM16,107.2536,VM63,90.30260000000001
T724,258.13,0.49,0.33,30.47,Low,VM168,94.1523,VM64,135.2868
T725,656.74,0.39,0.13,44.51,Medium,VM12,163.7968,VM65,180.26549999999997
T726,325.19,0.62,0.89,30.1,Medium,VM35,107.75800000000001,VM66,74.94900000000001
T727,773.47,0.43,0.32,48.19,Medium,VM21,113.2465,VM67,227.9387
T728,130.87,0.64,0.6,7.19,High,VM178,20.347700000000003,VM68,32.1393
T729,969.82,0.74,0.14,9.41,Medium,VM171,19.9492,VM69,45.6385
T730,453.79,0.72,0.7,6.98,High,VM17,14.1694,VM70,29.1764
T731,236.05,0.44,0.39,13.34,Low,VM32,65.4994,VM71,51.2256
T732,73.5,0.25,0.91,29.36,Medium,VM41,114.2104,VM72,95.42
T733,169.76,0.49,0.9,34.05,High,VM134,131.77349999999998,VM73,163.43999999999997
T734,519.77,0.23,0.39,7.05,Medium,VM216,16.779,VM74,32.43
T735,337.0,0.9,0.91,47.57,Medium,VM27,136.0502,VM75,101.7998
T736,828.88,0.41,1.0,42.9,Medium,VM148,102.531,VM76,89.232
T737,430.89,0.24,0.84,18.35,Low,VM153,46.7925,VM77,57.435500000000005
T738,248.71,0.12,0.86,8.47,Medium,VM66,21.090300000000003,VM78,37.5221
T739,617.14,0.68,0.32,12.64,Medium,VM137,30.8416,VM79,62.6944
T740,706.78,0.67,0.62,10.71,High,VM92,53.550000000000004,VM80,26.239500000000003
T741,167.04,0.41,0.16,10.55,Low,VM181,26.9025,VM81,39.879
T742,167.62,0.16,0.19,28.34,High,VM61,115.9106,VM82,88.9876
T743,36.67,0.47,1.0,16.06,High,VM166,54.282799999999995,VM83,78.85459999999999
T744,736.4,0.38,0.39,21.12,Low,VM3,65.8944,VM84,95.67360000000001
T745,663.8,0.71,0.77,49.53,Medium,VM212,178.8033,VM85,223.3803
T746,474.63,0.65,0.83,35.79,High,VM198,97.7067,VM86,122.04390000000001
T747,844.17,0.43,0.87,47.7,High,VM103,128.31300000000002,VM87,154.54800000000003
T748,805.67,0.3,1.0,11.42,Medium,VM55,38.7138,VM88,32.2044
T749,585.35,0.99,0.32,22.2,Medium,VM1,49.949999999999996,VM89,48.174
T750,868.27,0.51,0.14,29.96,Medium,VM101,145.6056,VM90,137.5164
T751,205.84,0.72,0.47,8.45,Medium,VM198,23.068499999999997,VM91,37.518
T752,111.92,0.23,0.22,5.19,Low,VM45,19.462500000000002,VM92,25.950000000000003
T753,269.75,0.54,0.12,35.17,Medium,VM175,162.4854,VM93,175.49830000000003
T754,57.09,0.12,0.42,33.88,Low,VM207,128.06640000000002,VM94,124.3396
T755,531.17,0.55,0.81,23.49,Low,VM26,73.2888,VM95,101.24189999999999
T756,936.61,0.97,0.61,27.03,Medium,VM121,111.09330000000001,VM96,130.5549
T757,39.34,0.45,0.38,23.69,Medium,VM142,117.02860000000001,VM97,107.7895
T758,122.11,0.14,0.69,6.08,Medium,VM182,15.9904,VM98,16.659200000000002
T759,452.2,0.13,0.31,20.09,Medium,VM199,56.4529,VM99,67.3015
T760,933.88,0.45,0.11,12.97,Medium,VM46,60.959,VM100,30.998300000000004
T761,316.16,0.24,0.79,9.43,Low,VM122,24.8952,VM101,45.8298
T762,507.23,0.12,0.66,48.05,Medium,VM31,98.02199999999999,VM102,183.551
T763,41.57,0.78,0.79,31.97,High,VM216,76.0886,VM103,85.99929999999999
T764,148.34,0.51,0.14,37.79,Medium,VM59,185.9268,VM104,151.9158
T765,986.63,0.36,0.85,19.19,Medium,VM29,51.237300000000005,VM105,73.8815
T766,965.12,0.91,0.66,22.69,Medium,VM106,69.6583,VM106,69.6583
T767,4.94,0.2,0.61,15.66,High,VM17,31.789799999999996,VM107,36.6444
T768,951.81,0.96,0.66,9.36,Low,VM142,46.2384,VM108,37.53359999999999
T769,639.12,0.38,0.88,13.06,Medium,VM164,29.6462,VM109,46.4936
T770,867.92,0.9,0.63,40.89,Medium,VM186,127.1679,VM110,176.6448
T771,454.74,0.64,0.62,35.49,Medium,VM24,133.0875,VM111,126.34440000000001
T772,515.6,0.84,0.99,29.61,Low,VM109,105.41159999999999,VM112,135.02159999999998
T773,488.85,0.99,0.78,26.38,Medium,VM191,109.21319999999999,VM113,96.5508
T774,666.86,0.36,0.5,46.51,Low,VM91,206.5044,VM114,171.1568
T775,139.65,0.97,0.74,8.27,Medium,VM25,40.44029999999999,VM115,38.290099999999995
T776,29.97,0.45,0.45,17.63,Medium,VM187,59.765699999999995,VM116,56.592299999999994
T777,307.93,0.45,0.31,20.75,Low,VM32,101.88250000000001,VM117,49.8
T778,704.68,0.41,0.64,40.21,High,VM116,129.0741,VM118,84.0389
T779,201.85,0.59,0.94,49.66,Low,VM82,155.9324,VM119,212.04819999999995
T780,673.43,0.24,0.94,15.83,High,VM110,68.38560000000001,VM120,61.1038
T781,969.91,0.6,0.41,44.34,Medium,VM146,120.60480000000001,VM121,182.23740000000004
T782,93.9,0.59,0.57,42.38,Low,VM37,94.08360000000002,VM122,111.88320000000002
T783,672.6,0.79,0.29,15.11,Low,VM26,47.1432,VM123,36.4151
T784,443.75,0.85,1.0,22.97,High,VM137,56.0468,VM124,46.858799999999995
T785,868.14,0.5,0.98,23.44,Low,VM64,104.07360000000001,VM125,71.492
T786,177.15,0.37,0.68,49.02,Low,VM72,159.315,VM126,184.80540000000002
T787,692.63,0.33,0.82,13.14,Medium,VM148,31.404600000000002,VM127,41.7852
T788,838.12,0.28,0.74,40.96,Medium,VM182,107.7248,VM128,135.57760000000002
T789,944.61,0.15,0.63,20.04,Medium,VM106,61.5228,VM129,94.38839999999999
T790,683.25,0.41,0.15,37.89,Low,VM86,129.2049,VM130,115.18560000000001
T791,497.17,0.34,0.51,23.9,Low,VM211,54.01399999999999,VM131,84.606
T792,617.85,0.97,0.71,31.03,Low,VM158,78.1956,VM132,134.9805
T793,868.9,0.6,0.71,42.47,Low,VM53,120.1901,VM133,135.4793
T794,570.61,0.41,0.44,41.19,Medium,VM92,205.95,VM134,159.40529999999998
T795,30.39,0.62,0.95,43.99,Medium,VM99,147.3665,VM135,201.9141
T796,930.95,0.23,0.25,7.68,Low,VM191,31.795199999999998,VM136,37.248
T797,689.53,0.5,0.55,36.14,Medium,VM11,156.4862,VM137,88.1816
T798,676.51,0.66,0.72,11.3,Medium,VM31,23.052000000000003,VM138,54.014
T799,215.68,0.54,0.73,23.71,High,VM177,51.6878,VM139,82.5108
T800,658.89,0.46,0.68,29.69,High,VM100,70.9591,VM140,82.24130000000001
T801,393.86,0.99,0.35,23.12,High,VM87,74.90880000000001,VM141,78.1456
T802,651.23,0.89,0.24,28.38,Low,VM147,63.2874,VM142,140.1972
T803,106.59,0.66,0.67,49.84,Low,VM140,138.0568,VM143,173.44320000000002
T804,657.85,0.61,0.64,11.08,Medium,VM15,25.8164,VM144,33.129200000000004
T805,999.41,0.66,0.26,35.4,Low,VM159,91.332,VM145,138.06
T806,48.21,0.28,0.73,22.82,Medium,VM171,48.378400000000006,VM146,62.07040000000001
T807,977.17,0.46,0.51,10.99,Medium,VM101,53.41140000000001,VM147,24.5077
T808,406.91,0.14,0.7,12.14,High,VM165,28.6504,VM148,29.0146
T809,870.75,0.53,0.85,47.72,High,VM207,180.3816,VM149,113.5736
T810,782.39,0.59,0.25,44.58,Medium,VM29,119.0286,VM150,109.6668
T811,567.02,0.3,0.12,45.82,Medium,VM114,168.6176,VM151,110.8844
T812,738.45,0.97,0.8,49.62,Medium,VM107,116.11079999999998,VM152,194.51039999999998
T813,878.52,0.92,0.65,14.37,Low,VM154,43.684799999999996,VM153,36.643499999999996
T814,404.14,0.75,0.73,20.99,Medium,VM108,84.16989999999998,VM154,63.809599999999996
T815,327.03,0.58,0.85,35.11,Low,VM130,106.7344,VM155,164.66590000000002
T816,667.59,0.88,0.82,26.77,Medium,VM84,121.2681,VM156,91.5534
T817,807.85,0.22,0.96,23.83,Medium,VM15,55.5239,VM157,95.32
T818,762.29,0.81,0.58,21.1,Medium,VM132,91.785,VM158,53.172000000000004
T819,797.81,0.21,0.54,31.72,Medium,VM214,134.4928,VM159,81.8376
T820,435.58,0.81,0.46,30.9,Medium,VM50,144.303,VM160,65.508
T821,817.83,0.35,0.24,12.27,High,VM166,41.4726,VM161,30.797699999999995
T822,120.21,0.89,0.62,26.23,Low,VM23,111.21520000000001,VM162,74.4932
T823,544.49,0.95,0.35,29.91,Medium,VM59,147.1572,VM163,75.67229999999999
T824,5.76,0.23,0.93,30.66,Medium,VM90,140.7294,VM164,69.5982
T825,324.59,0.52,0.62,14.45,Medium,VM115,66.9035,VM165,34.102
T826,366.46,0.98,0.63,38.4,High,VM75,82.176,VM166,129.792
T827,396.17,0.54,0.42,6.13,Low,VM156,20.9646,VM167,16.0606
T828,695.47,0.88,0.15,20.97,Medium,VM194,75.492,VM168,64.79729999999999
T829,388.56,0.63,0.13,40.11,Medium,VM123,96.66510000000001,VM169,140.78609999999998
T830,448.69,0.44,0.48,30.38,High,VM136,147.343,VM170,123.6466
T831,237.54,0.36,0.18,16.75,Low,VM157,67.0,VM171,35.510000000000005
T832,373.25,0.28,0.65,36.27,Medium,VM139,126.21960000000001,VM172,159.58800000000002
T833,227.27,0.79,0.89,30.53,Medium,VM18,104.10730000000001,VM173,118.4564
T834,73.2,0.45,0.89,40.83,Low,VM183,126.98129999999999,VM174,91.86749999999999
T835,603.45,0.56,0.69,38.08,Medium,VM50,177.8336,VM175,175.9296
T836,668.21,0.54,0.29,32.45,Medium,VM142,160.30300000000003,VM176,154.46200000000002
T837,619.49,0.62,0.88,26.97,Medium,VM118,56.36729999999999,VM177,58.7946
T838,463.49,0.88,0.9,10.99,High,VM202,32.6403,VM178,31.1017
T839,379.79,0.98,0.28,16.76,Medium,VM137,40.894400000000005,VM179,74.0792
T840,863.33,0.47,0.76,23.86,Medium,VM139,83.0328,VM180,101.1664
T841,519.08,0.84,0.36,31.97,Medium,VM191,132.3558,VM181,81.5235
T842,479.18,0.79,0.82,28.12,Low,VM108,112.7612,VM182,73.9556
T843,25.64,0.62,1.0,17.97,Low,VM204,53.550599999999996,VM183,55.8867
T844,341.25,0.96,0.13,5.29,Medium,VM67,25.021700000000003,VM184,18.250500000000002
T845,380.2,0.28,0.91,27.33,Medium,VM181,69.69149999999999,VM185,105.2205
T846,398.82,0.2,0.66,17.85,Low,VM167,46.767,VM186,55.5135
T847,580.17,0.87,0.98,38.06,Medium,VM78,168.6058,VM187,129.0234
T848,533.6,0.5,0.52,6.08,Medium,VM184,20.976000000000003,VM188,25.779200000000003
T849,607.91,0.86,0.86,31.32,Low,VM156,107.1144,VM189,66.0852
T850,764.88,0.9,0.16,47.37,Medium,VM75,101.37180000000001,VM190,130.7412
T851,812.99,0.16,0.4,12.85,Low,VM39,63.0935,VM191,53.19899999999999
T852,718.12,0.9,0.16,26.22,High,VM25,128.21579999999997,VM192,122.9718
T853,955.52,0.5,0.98,9.11,High,VM21,21.4085,VM193,32.2494
T854,18.23,0.56,0.84,33.16,Medium,VM138,158.5048,VM194,119.37599999999999
T855,195.78,0.66,0.87,29.77,Low,VM171,63.1124,VM195,69.06639999999999
T856,7.56,0.93,0.94,23.33,Medium,VM15,54.3589,VM196,77.92219999999999
T857,647.47,0.12,0.18,28.46,High,VM211,64.3196,VM197,102.456
T858,898.03,0.53,0.45,45.35,Medium,VM48,128.794,VM198,123.80550000000001
T859,243.48,0.72,0.16,13.83,Low,VM86,47.1603,VM199,38.8623
T860,927.03,0.75,0.29,6.02,Medium,VM149,14.327599999999999,VM200,18.842599999999997
T861,60.27,0.72,0.31,43.77,High,VM188,185.58480000000003,VM201,90.1662
T862,934.44,0.22,0.52,30.97,Medium,VM116,99.41369999999999,VM202,91.9809
T863,351.62,0.37,0.34,45.08,Medium,VM50,210.5236,VM203,118.56039999999999
T864,101.42,0.42,0.19,31.86,Medium,VM151,77.10119999999999,VM204,94.94279999999999
T865,485.87,0.82,0.25,41.46,Medium,VM141,140.13479999999998,VM205,97.84559999999999
T866,256.78,0.35,0.23,24.34,Low,VM69,118.04899999999999,VM206,113.6678
T867,284.87,0.29,0.98,38.74,Medium,VM4,120.48140000000001,VM207,146.4372
T868,307.29,0.96,0.78,46.09,Low,VM220,170.99390000000002,VM208,186.20360000000002
T869,803.03,0.11,0.97,30.75,Medium,VM78,136.2225,VM209,134.3775
T870,539.16,1.0,0.5,13.14,Low,VM200,41.1282,VM210,45.99
T871,311.31,0.71,0.35,17.1,Medium,VM9,53.523,VM211,38.646
T872,610.33,0.85,0.82,13.94,Low,VM121,57.293400000000005,VM212,50.3234
T873,716.15,0.37,0.39,16.11,Medium,VM115,74.5893,VM213,60.57359999999999
T874,272.62,0.11,0.37,18.79,Medium,VM163,47.53869999999999,VM214,79.6696
T875,413.55,0.76,0.31,29.98,Low,VM101,145.70280000000002,VM215,98.6342
T876,121.89,0.85,0.22,31.46,Low,VM149,74.8748,VM216,74.8748
T877,181.15,0.77,0.33,24.19,Low,VM186,75.2309,VM217,68.9415
T878,681.12,0.23,0.42,32.69,High,VM146,88.9168,VM218,101.01209999999999
T879,181.44,0.78,0.71,8.67,Medium,VM97,39.448499999999996,VM219,34.1598
T880,525.16,0.79,0.16,8.95,Medium,VM200,28.013499999999997,VM220,33.204499999999996
T881,709.05,0.69,0.29,12.73,Low,VM81,48.1194,VM1,28.642500000000002
T882,106.88,0.79,0.83,28.31,Medium,VM43,95.12159999999999,VM2,140.4176
T883,567.31,0.86,0.23,14.63,High,VM95,63.055299999999995,VM3,45.6456
T884,256.56,0.65,0.41,17.75,High,VM6,85.91,VM4,55.2025
T885,962.93,0.18,0.88,23.01,Medium,VM214,97.56240000000001,VM5,102.16440000000001
T886,483.55,0.54,0.24,41.53,Low,VM206,193.9451,VM6,201.0052
T887,805.99,0.17,0.17,5.62,Low,VM67,26.582600000000003,VM7,27.8752
T888,550.23,0.47,0.54,34.22,Low,VM140,94.7894,VM8,145.7772
T889,43.41,0.47,0.37,35.1,Low,VM100,83.88900000000001,VM9,109.863
T890,633.15,0.16,0.61,40.94,Low,VM12,150.6592,VM10,92.115
T891,951.4,0.41,0.82,46.97,Low,VM66,116.95530000000001,VM11,203.3801
T892,601.61,0.2,0.22,5.91,Medium,VM2,29.3136,VM12,21.748800000000003
T893,819.19,0.83,0.62,11.92,High,VM143,41.4816,VM13,38.9784
T894,884.21,0.95,0.55,44.88,Medium,VM151,108.6096,VM14,211.8336
T895,228.08,0.17,0.23,25.63,High,VM157,102.52,VM15,59.7179
T896,212.04,0.96,0.66,30.41,Medium,VM81,114.9498,VM16,105.8268
T897,610.98,0.57,0.35,34.84,Low,VM135,159.9156,VM17,70.7252
T898,411.03,0.37,0.54,35.56,Medium,VM156,121.6152,VM18,121.2596
T899,839.86,0.17,0.17,46.93,Low,VM142,231.8342,VM19,101.8381
T900,900.02,0.55,0.51,49.86,Medium,VM172,219.38400000000001,VM20,117.66959999999999
T901,353.42,0.82,0.38,37.41,Medium,VM158,94.27319999999999,VM21,87.9135
T902,236.87,0.74,0.84,17.92,High,VM209,78.31040000000002,VM22,70.784
T903,780.53,0.15,0.15,44.59,Low,VM160,94.53080000000001,VM23,189.06160000000003
T904,274.81,0.17,0.48,7.21,Low,VM70,30.1378,VM24,27.0375
T905,822.61,0.46,0.51,15.4,High,VM115,71.302,VM25,75.306
T906,423.74,0.37,0.75,45.38,Low,VM88,127.9716,VM26,141.5856
T907,667.55,0.31,0.62,16.53,Medium,VM6,80.0052,VM27,47.275800000000004
T908,95.54,0.35,0.7,14.93,Medium,VM27,42.699799999999996,VM28,68.82730000000001
T909,623.86,0.82,0.8,11.22,High,VM82,35.2308,VM29,29.9574
T910,451.77,0.94,0.88,43.66,High,VM88,123.12119999999999,VM30,213.49739999999997
T911,586.61,0.46,0.38,27.5,High,VM120,106.14999999999999,VM31,56.1
T912,168.01,0.92,0.58,35.37,Low,VM24,132.6375,VM32,173.6667
T913,736.87,0.39,0.86,15.76,High,VM102,60.203199999999995,VM33,33.568799999999996
T914,862.8,0.53,0.99,39.11,Medium,VM34,182.6437,VM34,182.6437
T915,216.74,0.3,0.9,39.2,Medium,VM168,121.128,VM35,140.336
T916,95.71,0.68,0.43,19.07,Low,VM47,40.8098,VM36,94.96860000000001
T917,23.64,0.98,0.28,23.48,Medium,VM207,88.7544,VM37,52.125600000000006
T918,641.97,0.64,0.54,14.44,High,VM203,37.977199999999996,VM38,52.8504
T919,607.09,0.42,0.77,48.95,High,VM214,207.54800000000003,VM39,240.3445
T920,546.7,0.68,0.54,34.05,Medium,VM24,127.68749999999999,VM40,121.55849999999998
T921,231.95,0.21,0.53,47.05,Low,VM65,190.55249999999998,VM41,183.0245
T922,390.91,0.9,0.85,18.65,Medium,VM18,63.5965,VM42,76.2785
T923,594.48,0.55,0.43,40.19,High,VM44,155.9372,VM43,135.0384
T924,496.77,0.5,0.87,39.46,Medium,VM76,82.0768,VM44,153.1048
T925,987.79,0.63,0.47,36.12,Medium,VM57,135.45,VM45,135.45
T926,136.44,0.66,0.4,48.45,Low,VM107,113.373,VM46,227.71500000000003
T927,695.14,0.16,0.51,22.71,Medium,VM156,77.6682,VM47,48.5994
T928,404.32,0.71,0.79,10.88,Medium,VM124,22.195200000000003,VM48,30.8992
T929,428.2,0.32,0.21,35.23,High,VM199,98.99629999999999,VM49,170.86549999999997
T930,717.6,0.74,0.28,37.82,Medium,VM151,91.5244,VM50,176.61939999999998
T931,692.44,0.84,0.96,30.88,Medium,VM213,116.10879999999999,VM51,104.0656
T932,991.26,0.82,0.26,14.31,Medium,VM162,40.6404,VM52,55.2366
T933,128.39,0.6,0.61,27.7,Low,VM139,96.396,VM53,78.391
T934,104.11,0.57,0.62,19.05,High,VM214,80.772,VM54,48.768
T935,724.34,0.23,0.54,24.24,Medium,VM163,61.32719999999999,VM55,82.1736
T936,578.39,0.8,0.68,34.03,Medium,VM116,109.2363,VM56,104.1318
T937,274.16,0.34,0.31,38.53,Medium,VM93,192.2647,VM57,144.4875
T938,79.42,0.55,0.6,15.45,Medium,VM42,63.19049999999999,VM58,34.4535
T939,85.66,0.36,0.43,23.24,Medium,VM28,107.1364,VM59,114.34079999999999
T940,894.19,0.22,0.7,17.11,Medium,VM123,41.2351,VM60,84.8656
T941,191.87,0.67,0.23,13.94,Low,VM210,48.79,VM61,57.014599999999994
T942,323.37,0.15,0.61,40.25,Medium,VM206,187.9675,VM62,145.3025
T943,226.66,0.77,0.27,45.92,Low,VM210,160.72,VM63,134.5456
T944,355.0,0.39,0.35,21.66,Medium,VM220,80.3586,VM64,96.17040000000001
T945,69.42,0.1,0.3,38.81,Low,VM24,145.53750000000002,VM65,157.1805
T946,519.06,0.56,0.26,45.36,Medium,VM136,219.99599999999998,VM66,112.94640000000001
T947,67.61,0.14,0.84,43.08,High,VM106,132.2556,VM67,203.7684
T948,800.36,0.35,0.36,13.23,High,VM118,27.6507,VM68,59.1381
T949,233.71,0.74,0.93,48.03,Medium,VM53,135.9249,VM69,232.94549999999998
T950,540.01,0.16,0.97,21.95,Medium,VM200,68.70349999999999,VM70,91.75099999999999
T951,880.08,0.86,0.61,20.27,Low,VM132,88.1745,VM71,77.8368
T952,650.88,0.1,0.23,7.81,Medium,VM219,30.771399999999996,VM72,25.3825
T953,532.96,0.32,0.44,26.88,High,VM100,64.2432,VM73,129.024
T954,324.33,0.77,0.82,9.91,Low,VM5,44.000400000000006,VM74,45.586
T955,333.0,0.38,0.43,16.18,Medium,VM49,78.473,VM75,34.6252
T956,669.49,0.19,0.18,19.26,High,VM98,52.77240000000001,VM76,40.06080000000001
T957,994.14,0.42,0.6,41.4,High,VM30,202.44599999999997,VM77,129.582
T958,661.84,0.34,0.86,44.4,Low,VM72,144.29999999999998,VM78,196.69199999999998
T959,557.78,0.86,0.82,18.61,Medium,VM103,50.0609,VM79,92.3056
T960,730.65,0.38,0.26,43.64,Low,VM63,127.86520000000002,VM80,106.918
T961,465.21,0.81,0.71,43.58,Low,VM175,201.3396,VM81,164.73239999999998
T962,60.14,0.9,0.3,39.41,High,VM26,122.9592,VM82,123.7474
T963,562.3,0.49,0.3,11.6,High,VM185,44.66,VM83,56.956
T964,957.63,0.92,0.89,36.06,Medium,VM37,80.05320000000002,VM84,163.35180000000003
T965,175.3,0.44,0.32,47.53,Low,VM7,235.74880000000002,VM85,214.3603
T966,690.0,0.97,0.34,35.71,High,VM127,113.55780000000001,VM86,121.7711
T967,200.93,0.18,0.1,19.92,Medium,VM168,61.552800000000005,VM87,64.5408
T968,535.83,0.72,0.88,27.53,Medium,VM92,137.65,VM88,77.63459999999999
T969,96.68,0.54,0.81,34.06,Medium,VM167,89.23720000000002,VM89,73.9102
T970,450.37,0.45,0.66,27.98,Low,VM190,77.2248,VM90,128.4282
T971,756.16,0.67,0.78,10.4,Medium,VM103,27.976,VM91,46.17600000000001
T972,347.57,0.73,0.24,19.04,Medium,VM220,70.63839999999999,VM92,95.19999999999999
T973,664.91,0.1,0.51,41.11,Low,VM206,191.9837,VM93,205.1389
T974,795.45,0.25,0.42,43.76,Low,VM53,123.8408,VM94,160.5992
T975,927.18,0.74,0.18,11.18,Low,VM132,48.632999999999996,VM95,48.18579999999999
T976,234.64,0.7,0.54,47.86,Low,VM210,167.51,VM96,231.1638
T977,399.32,0.97,0.93,19.8,Medium,VM108,79.398,VM97,90.09
T978,152.42,0.78,0.14,34.8,High,VM112,158.68799999999996,VM98,95.352
T979,992.48,0.96,0.36,38.83,Low,VM153,99.0165,VM99,130.0805
T980,927.0,0.73,0.29,41.54,Low,VM7,206.0384,VM100,99.2806
T981,539.96,0.37,0.31,47.56,Medium,VM156,162.6552,VM101,231.14160000000004
T982,842.03,0.19,0.92,19.08,High,VM197,68.688,VM102,72.8856
T983,520.96,0.8,0.52,43.63,Medium,VM67,206.36990000000003,VM103,117.3647
T984,623.59,0.68,0.52,10.93,Medium,VM108,43.829299999999996,VM104,43.938599999999994
T985,89.12,0.14,0.78,36.73,Medium,VM111,130.75879999999998,VM105,141.41049999999998
T986,755.27,0.42,0.24,38.39,Low,VM148,91.75210000000001,VM106,117.8573
T987,127.71,0.96,0.54,35.5,Low,VM83,174.305,VM107,83.07
T988,826.07,0.55,0.49,16.35,Medium,VM124,33.354000000000006,VM108,65.5635
T989,782.03,0.49,0.64,44.29,Medium,VM139,154.1292,VM109,157.6724
T990,708.74,0.51,1.0,12.6,Medium,VM104,50.651999999999994,VM110,54.432
T991,36.16,0.29,0.79,7.41,Medium,VM67,35.0493,VM111,26.3796
T992,303.13,0.43,0.46,37.29,Medium,VM215,122.6841,VM112,170.0424
T993,263.11,0.43,0.84,26.4,Low,VM7,130.944,VM113,96.624
T994,360.14,0.15,0.25,43.21,Medium,VM151,104.5682,VM114,159.0128
T995,87.64,0.79,0.13,22.25,Low,VM189,46.9475,VM115,103.0175
T996,936.96,0.47,0.28,12.57,Low,VM199,35.3217,VM116,40.3497
T997,553.8,0.84,0.41,42.64,Medium,VM110,184.2048,VM117,102.336
T998,305.52,0.87,0.56,29.7,High,VM34,138.69899999999998,VM118,62.07299999999999
T999,396.98,0.29,0.65,13.51,High,VM106,41.475699999999996,VM119,57.68769999999999
T1000,447.2,0.69,0.92,37.42,Medium,VM147,83.4466,VM120,144.4412
